{"initial_reset_timestamp": 1562794938.913568, "timestamps": [1562794939.8049495, 1562794940.5734563, 1562794940.68285, 1562794940.722466, 1562794940.7648664, 1562794940.8058088, 1562794940.846576, 1562794940.8865373, 1562794941.5759401, 1562794941.6840324, 1562794941.7247097, 1562794941.7644358, 1562794941.8056707, 1562794941.8447413, 1562794941.883803, 1562794941.922569, 1562794941.9613497, 1562794942.0014257, 1562794942.0408013, 1562794942.0798666, 1562794942.1189995, 1562794942.159882, 1562794942.2025542, 1562794942.2432952, 1562794942.2833848, 1562794942.324409, 1562794942.3636925, 1562794943.0864365, 1562794943.1984327, 1562794943.2389739, 1562794943.280561, 1562794943.3226483, 1562794943.36635, 1562794943.4073, 1562794943.4505935, 1562794943.4889371, 1562794943.5348694, 1562794943.5742238, 1562794943.6143043, 1562794943.6536467, 1562794943.6926665, 1562794943.7339141, 1562794943.7732785, 1562794943.8137352, 1562794943.8540711, 1562794943.8951483, 1562794943.9370751, 1562794943.983158, 1562794944.0236819, 1562794944.061846, 1562794944.1020398, 1562794944.1413205, 1562794944.1836867, 1562794944.224078, 1562794944.264568, 1562794944.307233, 1562794944.3501804, 1562794944.3900435, 1562794944.4308636, 1562794944.4722507, 1562794944.5125127, 1562794944.5565705, 1562794944.5977643, 1562794944.6415837, 1562794945.340891, 1562794945.45205, 1562794945.4922545, 1562794945.5306888, 1562794945.572155, 1562794945.6145155, 1562794945.6532676, 1562794945.691846, 1562794945.7291403, 1562794945.767404, 1562794945.8102324, 1562794945.8500457, 1562794945.8887494, 1562794945.9282475, 1562794945.9698813, 1562794946.0119774, 1562794946.0517216, 1562794946.090667, 1562794946.1305833, 1562794946.1713986], "episode_lengths": [50, 50, 50, 50, 50, 50, 50, 50, 50, 50, 50, 50, 50, 50, 50, 50, 50, 50, 50, 50, 50, 50, 50, 50, 50, 50, 50, 50, 50, 50, 50, 50, 50, 50, 50, 50, 50, 50, 50, 50, 50, 50, 50, 50, 50, 50, 50, 50, 50, 50, 50, 50, 50, 50, 50, 50, 50, 50, 50, 50, 50, 50, 50, 50, 50, 50, 50, 50, 50, 50, 50, 50, 50, 50, 50, 50, 50, 50, 50, 50, 50, 50, 50, 50], "episode_rewards": [-50.0, -49.0, -50.0, -49.0, -50.0, -50.0, -50.0, -50.0, -50.0, -50.0, -50.0, -50.0, -49.0, -50.0, -50.0, -50.0, -50.0, -50.0, -50.0, -50.0, -50.0, -50.0, -50.0, -50.0, -50.0, -50.0, -50.0, -50.0, -50.0, -50.0, -50.0, -50.0, -50.0, -50.0, -50.0, -50.0, -50.0, -49.0, -50.0, -50.0, -50.0, -50.0, -50.0, -50.0, -50.0, -50.0, -48.0, -49.0, -50.0, -50.0, -50.0, -49.0, -50.0, -50.0, -50.0, -50.0, -50.0, -50.0, -50.0, -50.0, -50.0, -50.0, -50.0, -50.0, -50.0, -50.0, -50.0, -50.0, -50.0, -50.0, -50.0, -50.0, -50.0, -50.0, -48.0, -50.0, -50.0, -50.0, -50.0, -50.0, -50.0, -50.0, -50.0, -50.0], "episode_types": ["t", "t", "t", "t", "t", "t", "t", "t", "t", "t", "t", "t", "t", "t", "t", "t", "t", "t", "t", "t", "t", "t", "t", "t", "t", "t", "t", "t", "t", "t", "t", "t", "t", "t", "t", "t", "t", "t", "t", "t", "t", "t", "t", "t", "t", "t", "t", "t", "t", "t", "t", "t", "t", "t", "t", "t", "t", "t", "t", "t", "t", "t", "t", "t", "t", "t", "t", "t", "t", "t", "t", "t", "t", "t", "t", "t", "t", "t", "t", "t", "t", "t", "t", "t", "t"]}